{"cameraMode":{"drawMode":0,"name":"Shaded","section":"Shading Mode"},"sceneLighting":false,"audioPlay":false,"sceneViewState":{"m_AlwaysRefresh":false,"showFog":true,"showSkybox":true,"showFlares":true,"showImageEffects":true,"showParticleSystems":true,"showVisualEffectGraphs":true,"m_FxEnabled":true},"in2DMode":false,"pivot":{"x":-202.1281280517578,"y":46.841861724853519,"z":193.73593139648438},"rotation":{"x":0.33457067608833315,"y":0.5596830248832703,"z":-0.26333916187286379,"w":0.7109915018081665},"size":16.409128189086915,"orthographic":false}