{"cameraMode":{"drawMode":0,"name":"Shaded","section":"Shading Mode"},"sceneLighting":false,"audioPlay":false,"sceneViewState":{"m_AlwaysRefresh":false,"showFog":true,"showSkybox":true,"showFlares":true,"showImageEffects":true,"showParticleSystems":true,"showVisualEffectGraphs":true,"m_FxEnabled":true},"in2DMode":false,"pivot":{"x":-4.89864444732666,"y":-149.95359802246095,"z":149.0036163330078},"rotation":{"x":0.45302823185920718,"y":0.000728780054487288,"z":0.00007721487054368481,"w":0.891600489616394},"size":141.39877319335938,"orthographic":false}