{"cameraMode":{"drawMode":0,"name":"Shaded","section":"Shading Mode"},"sceneLighting":false,"audioPlay":false,"sceneViewState":{"m_AlwaysRefresh":false,"showFog":true,"showSkybox":true,"showFlares":true,"showImageEffects":true,"showParticleSystems":true,"showVisualEffectGraphs":true,"m_FxEnabled":true},"in2DMode":false,"pivot":{"x":204.00294494628907,"y":-26.57679557800293,"z":7.588579177856445},"rotation":{"x":0.046777673065662387,"y":0.7584877610206604,"z":-0.05467132106423378,"w":0.6477828025817871},"size":103.07764434814453,"orthographic":false}