{"cameraMode":{"drawMode":0,"name":"Shaded","section":"Shading Mode"},"sceneLighting":false,"audioPlay":false,"sceneViewState":{"m_AlwaysRefresh":false,"showFog":true,"showSkybox":true,"showFlares":true,"showImageEffects":true,"showParticleSystems":true,"showVisualEffectGraphs":true,"m_FxEnabled":true},"in2DMode":false,"pivot":{"x":126.42539978027344,"y":613.0767822265625,"z":-17.154876708984376},"rotation":{"x":0.1792696714401245,"y":0.027418246492743493,"z":-0.004970419220626354,"w":0.9834272861480713},"size":535.6905517578125,"orthographic":false}