{"cameraMode":{"drawMode":0,"name":"Shaded","section":"Shading Mode"},"sceneLighting":false,"audioPlay":false,"sceneViewState":{"m_AlwaysRefresh":false,"showFog":true,"showSkybox":true,"showFlares":true,"showImageEffects":true,"showParticleSystems":true,"showVisualEffectGraphs":true,"m_FxEnabled":true},"in2DMode":false,"pivot":{"x":-0.9742984771728516,"y":6.258819580078125,"z":-7.146572589874268},"rotation":{"x":0.5052168965339661,"y":-0.023027047514915468,"z":0.013493064790964127,"w":0.862640380859375},"size":14.418478012084961,"orthographic":false}