{"cameraMode":{"drawMode":0,"name":"Shaded","section":"Shading Mode"},"sceneLighting":false,"audioPlay":false,"sceneViewState":{"m_AlwaysRefresh":false,"showFog":true,"showSkybox":true,"showFlares":true,"showImageEffects":true,"showParticleSystems":true,"showVisualEffectGraphs":true,"m_FxEnabled":true},"in2DMode":false,"pivot":{"x":384.8945007324219,"y":17.900209426879884,"z":391.0184631347656},"rotation":{"x":-0.002272839192301035,"y":-0.4063308835029602,"z":0.001579203875735402,"w":-0.9138628840446472},"size":14.418478965759278,"orthographic":false}