{"cameraMode":{"drawMode":0,"name":"Shaded","section":"Shading Mode"},"sceneLighting":false,"audioPlay":false,"sceneViewState":{"m_AlwaysRefresh":false,"showFog":true,"showSkybox":true,"showFlares":true,"showImageEffects":true,"showParticleSystems":true,"showVisualEffectGraphs":true,"m_FxEnabled":true},"in2DMode":false,"pivot":{"x":530.0023193359375,"y":181.69644165039063,"z":75.04336547851563},"rotation":{"x":-0.030559586361050607,"y":-0.05720745027065277,"z":0.0016975755570456386,"w":-0.9979336261749268},"size":103.07764434814453,"orthographic":false}