{"cameraMode":{"drawMode":0,"name":"Shaded","section":"Shading Mode"},"sceneLighting":false,"audioPlay":false,"sceneViewState":{"m_AlwaysRefresh":false,"showFog":true,"showSkybox":true,"showFlares":true,"showImageEffects":true,"showParticleSystems":true,"showVisualEffectGraphs":true,"m_FxEnabled":true},"in2DMode":false,"pivot":{"x":10.656801223754883,"y":5.310177326202393,"z":21.46715545654297},"rotation":{"x":0.30153506994247439,"y":0.019900614395737649,"z":-0.007246434222906828,"w":0.9534696936607361},"size":12.12435531616211,"orthographic":false}