{"cameraMode":{"drawMode":0,"name":"Shaded","section":"Shading Mode"},"sceneLighting":false,"audioPlay":false,"sceneViewState":{"m_AlwaysRefresh":false,"showFog":true,"showSkybox":true,"showFlares":true,"showImageEffects":true,"showParticleSystems":true,"showVisualEffectGraphs":true,"m_FxEnabled":true},"in2DMode":false,"pivot":{"x":4.9621357917785648,"y":-699.1719970703125,"z":470.56561279296877},"rotation":{"x":-0.4690413773059845,"y":-0.0009104782366193831,"z":-0.00042421682155691087,"w":-0.8833714127540588},"size":430.5715637207031,"orthographic":false}