{"cameraMode":{"drawMode":0,"name":"Shaded","section":"Shading Mode"},"sceneLighting":false,"audioPlay":false,"sceneViewState":{"m_AlwaysRefresh":false,"showFog":true,"showSkybox":true,"showFlares":true,"showImageEffects":true,"showParticleSystems":true,"showVisualEffectGraphs":true,"m_FxEnabled":true},"in2DMode":false,"pivot":{"x":5.157376289367676,"y":3.1476409435272219,"z":29.261886596679689},"rotation":{"x":0.14651955664157868,"y":-0.6397019624710083,"z":0.12464088946580887,"w":0.7445069551467896},"size":12.12435531616211,"orthographic":false}