{"cameraMode":{"drawMode":0,"name":"Shaded","section":"Shading Mode"},"sceneLighting":false,"audioPlay":false,"sceneViewState":{"m_AlwaysRefresh":false,"showFog":true,"showSkybox":true,"showFlares":true,"showImageEffects":true,"showParticleSystems":true,"showVisualEffectGraphs":true,"m_FxEnabled":true},"in2DMode":false,"pivot":{"x":36.122493743896487,"y":38.90178298950195,"z":922.9698486328125},"rotation":{"x":0.6024324297904968,"y":-0.010494346730411053,"z":0.009015987627208233,"w":0.7982447743415833},"size":25.33686637878418,"orthographic":false}