{"cameraMode":{"drawMode":0,"name":"Shaded","section":"Shading Mode"},"sceneLighting":false,"audioPlay":false,"sceneViewState":{"m_AlwaysRefresh":false,"showFog":true,"showSkybox":true,"showFlares":true,"showImageEffects":true,"showParticleSystems":true,"showVisualEffectGraphs":true,"m_FxEnabled":true},"in2DMode":false,"pivot":{"x":47.39130401611328,"y":-24.608304977416993,"z":17.754100799560548},"rotation":{"x":-0.14119212329387666,"y":-0.8138399124145508,"z":0.22155645489692689,"w":-0.5185376405715942},"size":31.402650833129884,"orthographic":false}