{"cameraMode":{"drawMode":0,"name":"Shaded","section":"Shading Mode"},"sceneLighting":false,"audioPlay":false,"sceneViewState":{"m_AlwaysRefresh":false,"showFog":true,"showSkybox":true,"showFlares":true,"showImageEffects":true,"showParticleSystems":true,"showVisualEffectGraphs":true,"m_FxEnabled":true},"in2DMode":false,"pivot":{"x":-0.1876944601535797,"y":-176.67788696289063,"z":117.31663513183594},"rotation":{"x":0.5294468402862549,"y":-0.10155070573091507,"z":0.06450387835502625,"w":0.8398799896240234},"size":141.39877319335938,"orthographic":false}